task_id,seed,m,estimate,workers,time
2,0x9747b28e,1024,276520.5073634498,16,14.801348686218262
0,0x9747b28c,1024,290393.1380206404,16,14.883220911026001
8,0x9747b294,1024,276786.42128516134,16,17.29923439025879
4,0x9747b290,1024,285525.2838703001,16,18.192150592803955
3,0x9747b28f,1024,292319.0205045497,16,18.285449504852295
13,0x9747b299,1024,279827.05722218344,16,14.210884809494019
14,0x9747b29a,1024,270009.2801580713,16,14.346700191497803
15,0x9747b29b,1024,302416.53333438525,16,17.62363910675049
17,0x9747b29d,1024,279455.1331298118,16,17.88090229034424
16,0x9747b29c,1024,289970.75152166875,16,18.10694646835327
1,0x9747b28d,1024,297572.7690953853,16,14.0420081615448
19,0x9747b29f,1024,275137.0159353479,16,14.24410605430603
18,0x9747b29e,1024,287960.98321018426,16,14.3404061794281
10,0x9747b296,1024,281259.78757690184,16,18.123366117477417
11,0x9747b297,1024,267934.5673686846,16,18.22655153274536
20,0x9747b2a0,1024,286909.5335640792,16,17.77467370033264
21,0x9747b2a1,1024,290751.33192989527,16,15.152504444122314
22,0x9747b2a2,1024,291024.21925911703,16,15.512642621994019
23,0x9747b2a3,1024,281146.53858241613,16,14.51072382926941
24,0x9747b2a4,1024,293766.6086509647,16,14.37495231628418
25,0x9747b2a5,1024,295169.4281995651,16,18.17000389099121
27,0x9747b2a7,1024,290954.69387127727,16,18.005430936813354
30,0x9747b2aa,1024,294966.7780091779,16,14.128520250320435
29,0x9747b2a9,1024,273988.2335785209,16,14.325416088104248
9,0x9747b295,1024,278105.57656117773,16,18.119185209274292
31,0x9747b2ab,1024,298025.037029626,16,14.480519771575928
28,0x9747b2a8,1024,281127.0969288102,16,17.728842735290527
32,0x9747b2ac,1024,293654.3450036221,16,14.062780380249023
33,0x9747b2ad,1024,269356.4369571965,16,18.25533699989319
35,0x9747b2af,1024,277253.40358481515,16,14.336971282958984
34,0x9747b2ae,1024,286030.0681421096,16,18.197885036468506
37,0x9747b2b1,1024,281227.58898301836,16,14.189533948898315
36,0x9747b2b0,1024,263908.9323103722,16,14.362154006958008
40,0x9747b2b4,1024,290069.01080051524,16,14.371769428253174
12,0x9747b298,1024,295833.8281164876,16,18.311832427978516
43,0x9747b2b7,1024,277411.3574645644,16,14.322227478027344
41,0x9747b2b5,1024,298781.3726480354,16,18.328822135925293
42,0x9747b2b6,1024,285609.4838759376,16,17.76721429824829
44,0x9747b2b8,1024,282836.1503596472,16,14.140484809875488
26,0x9747b2a6,1024,276749.6797647027,16,14.38559865951538
48,0x9747b2bc,1024,284080.25224693626,16,14.281903266906738
47,0x9747b2bb,1024,297210.78646561975,16,17.920818328857422
38,0x9747b2b2,1024,293417.6858912881,16,17.86840796470642
51,0x9747b2bf,1024,285209.3081215512,16,14.081153869628906
49,0x9747b2bd,1024,287834.8626534373,16,18.260040521621704
5,0x9747b291,1024,302365.5178885517,16,17.883562564849854
50,0x9747b2be,1024,286944.553430621,16,18.142603874206543
52,0x9747b2c0,1024,286054.1573895314,16,14.401308298110962
53,0x9747b2c1,1024,289225.1794986352,16,14.320690393447876
54,0x9747b2c2,1024,292076.64708746603,16,14.190199613571167
46,0x9747b2ba,1024,277505.8079514786,16,14.422932386398315
55,0x9747b2c3,1024,289742.2153931638,16,14.159846782684326
56,0x9747b2c4,1024,288976.57567432214,16,17.66629147529602
57,0x9747b2c5,1024,275570.83598239487,16,17.998053312301636
58,0x9747b2c6,1024,288552.9895050904,16,18.07748579978943
61,0x9747b2c9,1024,294923.95379702136,16,14.175044775009155
60,0x9747b2c8,1024,288412.54241359927,16,17.82976198196411
62,0x9747b2ca,1024,285826.07906661887,16,14.185958623886108
39,0x9747b2b3,1024,287264.70037857624,16,18.387106895446777
64,0x9747b2cc,1024,286666.5007254806,16,14.237558126449585
63,0x9747b2cb,1024,291133.1967158074,16,14.367403030395508
65,0x9747b2cd,1024,281204.0811782394,16,14.106307029724121
6,0x9747b292,1024,279772.9542433018,16,17.607426404953003
66,0x9747b2ce,1024,280632.1236095165,16,17.683624505996704
68,0x9747b2d0,1024,276288.149083376,16,14.221857070922852
45,0x9747b2b9,1024,283674.58321686805,16,14.250767230987549
67,0x9747b2cf,1024,285727.11759002524,16,18.09588313102722
70,0x9747b2d2,1024,307904.90404931153,16,14.244320392608643
69,0x9747b2d1,1024,288868.4165217731,16,18.202563762664795
74,0x9747b2d6,1024,296035.0238889604,16,14.1806001663208
73,0x9747b2d5,1024,291752.1372909125,16,14.403424263000488
76,0x9747b2d8,1024,277195.9751297139,16,14.185099124908447
71,0x9747b2d3,1024,286431.80124625715,16,18.45990777015686
75,0x9747b2d7,1024,293305.7973063341,16,18.299825429916382
59,0x9747b2c7,1024,274962.1714509543,16,18.382750272750854
79,0x9747b2db,1024,277979.17306427,16,14.17775821685791
77,0x9747b2d9,1024,291882.6289052458,16,17.973470449447632
7,0x9747b293,1024,289059.68615002115,16,17.652628421783447
82,0x9747b2de,1024,280205.5223771204,16,14.420326709747314
84,0x9747b2e0,1024,290665.406398271,16,14.278146028518677
83,0x9747b2df,1024,290449.35044351657,16,14.526749610900879
80,0x9747b2dc,1024,294130.1207458986,16,17.837719678878784
81,0x9747b2dd,1024,283864.0562824238,16,17.97796082496643
86,0x9747b2e2,1024,288415.06232291413,16,14.354283571243286
85,0x9747b2e1,1024,263395.6235327878,16,18.29783606529236
89,0x9747b2e5,1024,265345.8161016994,16,14.590471506118774
87,0x9747b2e3,1024,287967.10634762485,16,18.040797233581543
72,0x9747b2d4,1024,290145.33905417984,16,18.054195642471313
92,0x9747b2e8,1024,285744.58549413114,16,14.215805768966675
90,0x9747b2e6,1024,284758.04342906113,16,17.7652747631073
93,0x9747b2e9,1024,290258.86992595694,16,14.441800832748413
91,0x9747b2e7,1024,278982.18452360213,16,18.157736778259277
78,0x9747b2da,1024,270061.23745039804,16,14.294464349746704
94,0x9747b2ea,1024,288885.05881301744,16,17.881734371185303
99,0x9747b2ef,1024,290480.2339507748,16,14.289163827896118
98,0x9747b2ee,1024,292080.8466704766,16,18.288551568984985
102,0x9747b2f2,1024,280136.85953106463,16,14.312402486801147
100,0x9747b2f0,1024,269356.2423520396,16,17.73677945137024
103,0x9747b2f3,1024,278411.7846470411,16,14.348827600479126
101,0x9747b2f1,1024,293382.9152494191,16,18.15305256843567
106,0x9747b2f6,1024,294598.45751354215,16,14.246517658233643
88,0x9747b2e4,1024,282978.89925408125,16,17.81785559654236
104,0x9747b2f4,1024,267222.28826212476,16,18.174563884735107
108,0x9747b2f8,1024,282600.7730341801,16,14.194751501083374
107,0x9747b2f7,1024,284807.18056003144,16,17.926438808441162
110,0x9747b2fa,1024,283154.23638635187,16,14.366390466690063
97,0x9747b2ed,1024,285807.31235444196,16,14.498164415359497
109,0x9747b2f9,1024,292893.95814425976,16,18.22334575653076
112,0x9747b2fc,1024,293797.9837675781,16,14.235451936721802
95,0x9747b2eb,1024,272154.5572280982,16,18.017141819000244
111,0x9747b2fb,1024,290322.2115435195,16,18.239522457122803
114,0x9747b2fe,1024,287349.4084383698,16,14.446477890014648
113,0x9747b2fd,1024,286001.90461839695,16,18.113011837005615
116,0x9747b300,1024,294571.94939881895,16,17.88497257232666
117,0x9747b301,1024,283438.8324687619,16,14.466325521469116
120,0x9747b304,1024,287267.7210860359,16,14.04300308227539
121,0x9747b305,1024,273044.50670442596,16,14.357779026031494
118,0x9747b302,1024,278116.2302966683,16,18.221058130264282
105,0x9747b2f5,1024,277568.0326954078,16,17.85219168663025
122,0x9747b306,1024,289151.3924423004,16,14.37488579750061
119,0x9747b303,1024,302326.9791716296,16,18.075805187225342
123,0x9747b307,1024,285733.9189977818,16,18.11295747756958
125,0x9747b309,1024,284174.40642553574,16,14.448398113250732
124,0x9747b308,1024,285133.1428625785,16,17.924192667007446
96,0x9747b2ec,1024,262315.4430031214,16,14.284353971481323
127,0x9747b30b,1024,285922.0133898022,16,14.422939538955688
126,0x9747b30a,1024,286493.1466686963,16,18.11369752883911
128,0x9747b30c,1024,272715.5392047118,16,17.184685707092285
129,0x9747b30d,1024,302406.25960936036,16,14.106912851333618
130,0x9747b30e,1024,309907.4292540659,16,14.259859800338745
132,0x9747b310,1024,296977.3796219086,16,14.251215934753418
131,0x9747b30f,1024,253062.00554561705,16,17.9676513671875
115,0x9747b2ff,1024,272686.9095812732,16,18.111167192459106
134,0x9747b312,1024,288364.9873798063,16,18.48512864112854
136,0x9747b314,1024,276923.51453977166,16,14.452555179595947
135,0x9747b313,1024,278978.8443560864,16,18.33484148979187
139,0x9747b317,1024,289061.92734155984,16,14.372302770614624
138,0x9747b316,1024,271923.22195262177,16,18.236956357955933
142,0x9747b31a,1024,273659.3526891205,16,14.152680158615112
143,0x9747b31b,1024,272899.8512883654,16,14.384613990783691
141,0x9747b319,1024,281433.13762944547,16,17.96009850502014
144,0x9747b31c,1024,308540.0884152281,16,14.072325944900513
147,0x9747b31f,1024,295696.6971081885,16,14.249533653259277
146,0x9747b31e,1024,288137.55963214824,16,18.291087865829468
145,0x9747b31d,1024,293559.24396827776,16,18.327802896499634
150,0x9747b322,1024,291258.10240560025,16,14.438984870910645
148,0x9747b320,1024,293663.43396770535,16,18.403680324554443
149,0x9747b321,1024,290166.5661890324,16,18.315338134765625
153,0x9747b325,1024,275843.23315896216,16,14.254212856292725
152,0x9747b324,1024,284739.62137607136,16,14.260036945343018
133,0x9747b311,1024,290080.9593365831,16,17.959396362304688
151,0x9747b323,1024,298227.4501690397,16,18.0942645072937
154,0x9747b326,1024,282645.0844149222,16,14.395037174224854
137,0x9747b315,1024,279534.80425691005,16,14.311753034591675
156,0x9747b328,1024,283574.2763016351,16,14.106265783309937
155,0x9747b327,1024,274078.8500086054,16,17.953361988067627
160,0x9747b32c,1024,272765.49116818205,16,14.114547491073608
140,0x9747b318,1024,273845.9843748277,16,18.428330659866333
158,0x9747b32a,1024,288257.5476779965,16,18.06666135787964
157,0x9747b329,1024,286915.6640213908,16,18.106619358062744
159,0x9747b32b,1024,282246.4798741296,16,18.14384937286377
162,0x9747b32e,1024,279085.2778395337,16,14.365498781204224
163,0x9747b32f,1024,273801.1123091242,16,14.433826208114624
161,0x9747b32d,1024,293379.8732106135,16,18.044565200805664
167,0x9747b333,1024,302255.4662731098,16,14.245604753494263
168,0x9747b334,1024,276969.3070279723,16,14.092952251434326
166,0x9747b332,1024,285837.83529588586,16,18.084420442581177
165,0x9747b331,1024,306656.3547763714,16,18.193260192871094
170,0x9747b336,1024,281379.26133690705,16,14.140606880187988
169,0x9747b335,1024,290939.3610746253,16,18.370511770248413
175,0x9747b33b,1024,280030.6124250647,16,14.082748889923096
176,0x9747b33c,1024,278853.7439266355,16,14.37850022315979
171,0x9747b337,1024,299051.71212324646,16,18.02936029434204
173,0x9747b339,1024,284245.1650105829,16,18.251429080963135
174,0x9747b33a,1024,274885.0851673966,16,18.48868489265442
178,0x9747b33e,1024,284814.1430249467,16,14.386337280273438
179,0x9747b33f,1024,272862.2077157624,16,14.359802961349487
177,0x9747b33d,1024,283646.79275913135,16,18.051033973693848
182,0x9747b342,1024,266194.5861245649,16,14.452768564224243
180,0x9747b340,1024,275958.533085428,16,17.916459798812866
181,0x9747b341,1024,285664.47742421646,16,17.869919061660767
164,0x9747b330,1024,292840.25935478404,16,14.283519268035889
184,0x9747b344,1024,296030.93106088357,16,14.146076679229736
185,0x9747b345,1024,289513.51022235997,16,14.472976684570312
183,0x9747b343,1024,291169.8438752522,16,17.69219422340393
190,0x9747b34a,1024,275391.13201692153,16,14.154995203018188
189,0x9747b349,1024,267211.06709357916,16,14.378136157989502
187,0x9747b347,1024,298626.8549917728,16,17.998891592025757
186,0x9747b346,1024,285845.157646366,16,18.09329891204834
188,0x9747b348,1024,271719.95521048625,16,17.977039575576782
192,0x9747b34c,1024,285632.5497522967,16,14.11913514137268
191,0x9747b34b,1024,284871.3914862149,16,18.177461624145508
172,0x9747b338,1024,285186.1052297004,16,18.300780773162842
193,0x9747b34d,1024,279376.29555545724,16,14.240919351577759
197,0x9747b351,1024,291010.53600377747,16,14.064017057418823
198,0x9747b352,1024,284641.6152037494,16,14.187620639801025
195,0x9747b34f,1024,284302.89911405096,16,18.056084632873535
194,0x9747b34e,1024,279424.97250333213,16,18.16020894050598
196,0x9747b350,1024,273850.05470175005,16,18.32888913154602
199,0x9747b353,1024,280146.4683225703,16,14.24710464477539
200,0x9747b354,1024,283588.23353580706,16,14.47941517829895
202,0x9747b356,1024,279755.5172855257,16,18.052980184555054
204,0x9747b358,1024,295102.5800206451,16,14.478798866271973
201,0x9747b355,1024,286849.1781348237,16,18.20446753501892
203,0x9747b357,1024,266456.7293295038,16,17.895743370056152
206,0x9747b35a,1024,288867.7845584558,16,14.393714666366577
205,0x9747b359,1024,267307.2211508369,16,18.207512140274048
209,0x9747b35d,1024,276068.1573309856,16,14.162423372268677
208,0x9747b35c,1024,290220.8037993726,16,14.439470052719116
207,0x9747b35b,1024,283424.5382224803,16,18.09619975090027
214,0x9747b362,1024,280179.3611341233,16,14.264672994613647
213,0x9747b361,1024,286245.9832954989,16,14.310889959335327
210,0x9747b35e,1024,281296.3256852897,16,17.962719202041626
212,0x9747b360,1024,283010.6408006813,16,18.051421403884888
215,0x9747b363,1024,284965.9684039332,16,14.265469312667847
218,0x9747b366,1024,287109.47988500074,16,14.34149169921875
216,0x9747b364,1024,286907.1437955855,16,18.21418023109436
221,0x9747b369,1024,289435.2934082344,16,14.20078158378601
222,0x9747b36a,1024,295960.2646590207,16,14.407473087310791
219,0x9747b367,1024,287547.98555606056,16,18.212518453598022
220,0x9747b368,1024,296967.9243501756,16,17.81117081642151
224,0x9747b36c,1024,291393.5111113546,16,14.303924083709717
225,0x9747b36d,1024,283847.47856768523,16,14.511199951171875
223,0x9747b36b,1024,268246.6027630115,16,18.237167358398438
228,0x9747b370,1024,294266.0276847155,16,14.16691279411316
226,0x9747b36e,1024,276045.50413255126,16,17.973386526107788
229,0x9747b371,1024,276049.01489438245,16,14.353853225708008
227,0x9747b36f,1024,293856.27838392387,16,18.12117600440979
232,0x9747b374,1024,284260.02981060446,16,14.256712675094604
211,0x9747b35f,1024,285273.5849560653,16,17.798949241638184
230,0x9747b372,1024,276923.2241491541,16,18.3086678981781
235,0x9747b377,1024,283586.05104154785,16,14.362451314926147
233,0x9747b375,1024,298848.06620130484,16,18.104920148849487
234,0x9747b376,1024,296863.8796086758,16,18.38679051399231
217,0x9747b365,1024,281332.09903490037,16,17.965471506118774
239,0x9747b37b,1024,273605.009664623,16,14.333066463470459
237,0x9747b379,1024,288708.61783695774,16,18.033061265945435
240,0x9747b37c,1024,278984.73882388254,16,14.171068906784058
242,0x9747b37e,1024,283870.56585361506,16,14.507124662399292
241,0x9747b37d,1024,279778.83291449735,16,18.51497745513916
244,0x9747b380,1024,298250.7956950503,16,14.489830493927002
243,0x9747b37f,1024,281017.5556412872,16,18.197935104370117
245,0x9747b381,1024,282015.7969357032,16,17.987212896347046
231,0x9747b373,1024,295474.80772107345,16,14.294885158538818
246,0x9747b382,1024,282598.25289556466,16,18.33244776725769
250,0x9747b386,1024,277396.39898703055,16,14.290655851364136
248,0x9747b384,1024,285869.8088798848,16,18.468661546707153
252,0x9747b388,1024,274502.7740712324,16,14.319804668426514
236,0x9747b378,1024,291818.33591419464,16,14.063503503799438
251,0x9747b387,1024,281435.7370076463,16,18.219787120819092
253,0x9747b389,1024,294088.4806851669,16,14.348881006240845
254,0x9747b38a,1024,291088.59058125963,16,17.974299430847168
255,0x9747b38b,1024,293408.0144790316,16,17.799726486206055
238,0x9747b37a,1024,292762.2363404674,16,17.923574924468994
259,0x9747b38f,1024,280462.09183919505,16,14.343111753463745
257,0x9747b38d,1024,289666.68156898377,16,14.296195030212402
256,0x9747b38c,1024,291695.09731685295,16,18.33447289466858
258,0x9747b38e,1024,280884.4460890065,16,18.298206090927124
263,0x9747b393,1024,282681.1890530057,16,14.339707374572754
260,0x9747b390,1024,275043.31137262564,16,18.243253231048584
264,0x9747b394,1024,292226.5069026324,16,14.236858367919922
262,0x9747b392,1024,275327.1523421222,16,18.132511138916016
247,0x9747b383,1024,279808.7735097871,16,14.286274909973145
249,0x9747b385,1024,270552.9665984363,16,18.444672346115112
265,0x9747b395,1024,285357.1868816981,16,18.209285259246826
268,0x9747b398,1024,274490.79048819793,16,14.161603450775146
270,0x9747b39a,1024,270762.610399195,16,14.36771297454834
267,0x9747b397,1024,277830.75338163687,16,17.93244171142578
266,0x9747b396,1024,293104.5043054232,16,18.357430934906006
269,0x9747b399,1024,313596.6480371446,16,18.267762660980225
273,0x9747b39d,1024,283674.18961854203,16,14.32927942276001
271,0x9747b39b,1024,294797.3108537433,16,18.039891719818115
274,0x9747b39e,1024,288544.16157714324,16,14.359625339508057
276,0x9747b3a0,1024,269460.6943035056,16,14.45992112159729
272,0x9747b39c,1024,285153.0527627497,16,18.334177017211914
275,0x9747b39f,1024,289087.03106139606,16,18.10146737098694
280,0x9747b3a4,1024,282536.67467528547,16,14.316006898880005
278,0x9747b3a2,1024,273192.7069398698,16,14.568623542785645
261,0x9747b391,1024,288232.5878062987,16,14.380836486816406
277,0x9747b3a1,1024,268343.9126726151,16,17.865196228027344
279,0x9747b3a3,1024,287071.1950665335,16,18.059208631515503
282,0x9747b3a6,1024,275186.71193724044,16,18.211225748062134
281,0x9747b3a5,1024,284884.19616898394,16,18.193580627441406
285,0x9747b3a9,1024,284067.8252971202,16,14.220125198364258
283,0x9747b3a7,1024,278177.6913133199,16,18.39682698249817
288,0x9747b3ac,1024,281758.9084230661,16,14.231415033340454
286,0x9747b3aa,1024,300513.6510235302,16,14.369344711303711
284,0x9747b3a8,1024,284741.8216628906,16,18.169202089309692
287,0x9747b3ab,1024,287740.540662085,16,18.17330312728882
291,0x9747b3af,1024,288240.0858008338,16,14.082326650619507
292,0x9747b3b0,1024,281254.9947611265,16,14.043818473815918
289,0x9747b3ad,1024,284676.7996349466,16,18.334153175354004
295,0x9747b3b3,1024,283352.26202706783,16,14.214298486709595
293,0x9747b3b1,1024,300022.9534840613,16,18.284759283065796
294,0x9747b3b2,1024,281467.8332852508,16,18.301843881607056
300,0x9747b3b8,1024,283361.25652933493,16,14.287901878356934
297,0x9747b3b5,1024,282357.38405123894,16,17.726911783218384
296,0x9747b3b4,1024,288462.5551015126,16,18.292640447616577
299,0x9747b3b7,1024,295216.72398110566,16,18.526079654693604
303,0x9747b3bb,1024,292915.61645346385,16,14.22035527229309
301,0x9747b3b9,1024,287759.95407348877,16,17.98674440383911
304,0x9747b3bc,1024,278974.5219045992,16,14.264654636383057
302,0x9747b3ba,1024,278384.97904318053,16,18.542601823806763
306,0x9747b3be,1024,281825.8874954521,16,14.188481330871582
305,0x9747b3bd,1024,286158.7202323703,16,18.395895957946777
307,0x9747b3bf,1024,279190.61190084013,16,14.370818853378296
290,0x9747b3ae,1024,275139.0225417209,16,14.08557391166687
308,0x9747b3c0,1024,275497.2401285278,16,17.739495754241943
310,0x9747b3c2,1024,284452.137135873,16,18.032618284225464
311,0x9747b3c3,1024,279657.1602195074,16,18.135798692703247
315,0x9747b3c7,1024,278046.73334645794,16,14.193488121032715
313,0x9747b3c5,1024,280665.03114046826,16,14.458317995071411
312,0x9747b3c4,1024,280978.18751233583,16,18.29002046585083
298,0x9747b3b6,1024,275336.7689287154,16,14.207132339477539
314,0x9747b3c6,1024,279590.8378899696,16,17.952752351760864
318,0x9747b3ca,1024,273705.0175151195,16,14.417535781860352
316,0x9747b3c8,1024,301511.4377449207,16,18.34349036216736
317,0x9747b3c9,1024,281439.2362460667,16,18.217780351638794
320,0x9747b3cc,1024,299353.6298269451,16,14.36633825302124
321,0x9747b3cd,1024,298433.48285077576,16,17.63185739517212
324,0x9747b3d0,1024,286572.9687027816,16,14.131027460098267
326,0x9747b3d2,1024,278991.41952134564,16,14.291257619857788
323,0x9747b3cf,1024,293295.8075260891,16,17.873651027679443
335,0x9747b3db,1024,292757.80077497714,16,14.119986534118652
325,0x9747b3d1,1024,301957.2074938424,16,18.273807525634766
337,0x9747b3dd,1024,292217.3449900783,16,17.145700931549072
334,0x9747b3da,1024,284591.9217872417,16,17.659828424453735
331,0x9747b3d7,1024,276651.2992159691,16,17.973867654800415
309,0x9747b3c1,1024,295715.0189681962,16,18.23988175392151
336,0x9747b3dc,1024,290730.31255081395,16,18.432379484176636
338,0x9747b3de,1024,287832.35287220916,16,18.361910581588745
340,0x9747b3e0,1024,285672.8209919586,16,17.65632915496826
339,0x9747b3df,1024,283348.5123747943,16,18.137391328811646
343,0x9747b3e3,1024,292288.2839657743,16,14.084731817245483
342,0x9747b3e2,1024,274606.48526816326,16,14.408424377441406
341,0x9747b3e1,1024,290728.1787737221,16,18.343847274780273
344,0x9747b3e4,1024,281775.0676867453,16,14.242709159851074
319,0x9747b3cb,1024,277786.4775300204,16,14.34787130355835
345,0x9747b3e5,1024,275728.4133932736,16,18.038120985031128
347,0x9747b3e7,1024,284390.20782206784,16,17.52553129196167
346,0x9747b3e6,1024,285566.19393059245,16,18.29860496520996
349,0x9747b3e9,1024,299420.6215661486,16,17.79558539390564
351,0x9747b3eb,1024,278574.1960461471,16,17.895675659179688
350,0x9747b3ea,1024,299590.9157462901,16,18.20499873161316
353,0x9747b3ed,1024,292771.8652259406,16,15.8637056350708
322,0x9747b3ce,1024,279746.23163367406,16,18.195300102233887
356,0x9747b3f0,1024,290621.30329047923,16,14.036234140396118
355,0x9747b3ef,1024,279424.3811834489,16,14.297856330871582
354,0x9747b3ee,1024,287895.73825107655,16,18.26055884361267
328,0x9747b3d4,1024,287748.9275612334,16,18.245489835739136
357,0x9747b3f1,1024,278611.12970378407,16,14.229962348937988
359,0x9747b3f3,1024,298107.82575627713,16,14.180132865905762
358,0x9747b3f2,1024,286705.9227412657,16,18.183568000793457
361,0x9747b3f5,1024,283208.93381118664,16,14.402896165847778
360,0x9747b3f4,1024,284736.7047698888,16,17.637256622314453
367,0x9747b3fb,1024,290685.72312089475,16,14.15907883644104
362,0x9747b3f6,1024,297254.9535788735,16,17.772676944732666
363,0x9747b3f7,1024,294807.7871425263,16,18.368923664093018
365,0x9747b3f9,1024,300387.3167901834,16,17.658771753311157
369,0x9747b3fd,1024,282825.34650710184,16,14.336003065109253
366,0x9747b3fa,1024,277831.4354082713,16,18.141957998275757
373,0x9747b401,1024,275868.97511911165,16,14.27015495300293
368,0x9747b3fc,1024,286077.5017525749,16,18.046723127365112
370,0x9747b3fe,1024,283057.45741237793,16,18.467472553253174
348,0x9747b3e8,1024,289119.7357235082,16,18.246267795562744
375,0x9747b403,1024,288103.8719165408,16,14.267398595809937
352,0x9747b3ec,1024,290632.404443989,16,18.135523319244385
374,0x9747b402,1024,287163.6994983243,16,17.953453540802002
329,0x9747b3d5,1024,285487.6261027187,16,18.198659658432007
378,0x9747b406,1024,280630.93073200865,16,14.280145645141602
376,0x9747b404,1024,288625.9456771347,16,17.799036979675293
377,0x9747b405,1024,282593.16235257994,16,17.76306176185608
382,0x9747b40a,1024,297854.5301554421,16,14.234912157058716
380,0x9747b408,1024,284680.89141215297,16,17.709605932235718
383,0x9747b40b,1024,289470.7739592181,16,14.202730417251587
381,0x9747b409,1024,285926.708602874,16,18.272578239440918
385,0x9747b40d,1024,292398.2103449718,16,14.149414777755737
364,0x9747b3f8,1024,285931.713560902,16,18.183284044265747
384,0x9747b40c,1024,283228.32274971594,16,18.0448899269104
386,0x9747b40e,1024,275334.8910102518,16,18.30914068222046
390,0x9747b412,1024,267717.31629580585,16,14.28371810913086
371,0x9747b3ff,1024,274103.31534215185,16,14.367422580718994
388,0x9747b410,1024,279620.4421855238,16,18.234889268875122
389,0x9747b411,1024,279876.0396951057,16,17.96808934211731
395,0x9747b417,1024,274533.0230047843,16,14.300309419631958
393,0x9747b415,1024,318676.8250504271,16,17.96964144706726
396,0x9747b418,1024,279891.86009962525,16,14.29667043685913
394,0x9747b416,1024,289344.01460126945,16,17.844449281692505
398,0x9747b41a,1024,297608.76361610205,16,14.22784948348999
327,0x9747b3d3,1024,280755.93976275396,16,18.397932052612305
402,0x9747b41e,1024,268473.2232179473,16,14.30673098564148
397,0x9747b419,1024,286028.33841695375,16,18.093053102493286
403,0x9747b41f,1024,283904.13556776784,16,14.30508303642273
399,0x9747b41b,1024,297323.226892519,16,17.97939157485962
379,0x9747b407,1024,277229.43983306456,16,18.23116636276245
401,0x9747b41d,1024,270688.6929097311,16,17.953258514404297
400,0x9747b41c,1024,287060.7933474644,16,18.20052456855774
406,0x9747b422,1024,303848.6086272786,16,14.143975496292114
404,0x9747b420,1024,277604.6757024194,16,18.29072332382202
407,0x9747b423,1024,288045.10754676705,16,14.362786293029785
405,0x9747b421,1024,285331.0311285088,16,18.088196992874146
387,0x9747b40f,1024,277529.33340254345,16,17.97749900817871
372,0x9747b400,1024,287374.4240595124,16,14.275022029876709
408,0x9747b424,1024,265520.4760663967,16,18.199349880218506
411,0x9747b427,1024,281454.23396869097,16,14.37618112564087
409,0x9747b425,1024,279382.2068305409,16,18.16486358642578
412,0x9747b428,1024,289929.79001147614,16,14.032824516296387
414,0x9747b42a,1024,308108.2329989172,16,14.186416387557983
391,0x9747b413,1024,297847.307461333,16,17.996644973754883
392,0x9747b414,1024,276156.1601091283,16,18.027525186538696
410,0x9747b426,1024,266818.0204121159,16,18.3541259765625
413,0x9747b429,1024,286269.3589793834,16,18.070886611938477
419,0x9747b42f,1024,289374.34639190446,16,14.277615547180176
416,0x9747b42c,1024,282012.28334545647,16,17.926255464553833
417,0x9747b42d,1024,281687.97991067136,16,18.1332049369812
330,0x9747b3d6,1024,284167.4242393215,16,18.192380905151367
420,0x9747b430,1024,298059.65523362847,16,14.35464072227478
421,0x9747b431,1024,278582.5162855577,16,18.13726305961609
424,0x9747b434,1024,289892.8708997336,16,14.235376834869385
423,0x9747b433,1024,283733.5210650714,16,17.92370581626892
428,0x9747b438,1024,292007.53284717054,16,14.289746522903442
427,0x9747b437,1024,288774.2844285195,16,14.354082107543945
426,0x9747b436,1024,296245.7914889741,16,17.792060613632202
430,0x9747b43a,1024,289065.8297347973,16,17.96724843978882
429,0x9747b439,1024,284554.91862367117,16,18.072043418884277
434,0x9747b43e,1024,284207.4363080828,16,14.533222913742065
432,0x9747b43c,1024,290456.4850149783,16,18.022099256515503
435,0x9747b43f,1024,297347.38664511207,16,14.037740707397461
433,0x9747b43d,1024,276764.3752020424,16,18.06569766998291
436,0x9747b440,1024,281688.4055758331,16,17.813026428222656
438,0x9747b442,1024,286344.0626375297,16,17.77200698852539
437,0x9747b441,1024,300088.9521762126,16,18.26963186264038
441,0x9747b445,1024,271547.8430802479,16,14.2302405834198
443,0x9747b447,1024,276510.1323545043,16,14.057646036148071
442,0x9747b446,1024,289936.26243372425,16,14.170689821243286
440,0x9747b444,1024,290086.6949839677,16,18.34731960296631
418,0x9747b42e,1024,286145.74904796906,16,18.285356998443604
332,0x9747b3d8,1024,280355.84596405353,16,18.225545644760132
447,0x9747b44b,1024,284726.5994461508,16,14.18144178390503
444,0x9747b448,1024,278311.8279731539,16,18.036607265472412
446,0x9747b44a,1024,285975.475705048,16,17.884135723114014
445,0x9747b449,1024,290450.41528240836,16,17.83911895751953
448,0x9747b44c,1024,270321.64697035414,16,14.2066068649292
425,0x9747b435,1024,288485.95281689573,16,14.216152906417847
422,0x9747b432,1024,276049.3996408663,16,17.820453643798828
452,0x9747b450,1024,276153.12791553844,16,14.421393394470215
450,0x9747b44e,1024,275312.0829238024,16,17.87005066871643
431,0x9747b43b,1024,278532.76754997316,16,17.762668132781982
456,0x9747b454,1024,298204.2977117134,16,13.954131126403809
455,0x9747b453,1024,292753.14898486517,16,14.25465178489685
453,0x9747b451,1024,284290.80335654796,16,18.056787729263306
454,0x9747b452,1024,275390.7491030993,16,18.15637445449829
461,0x9747b459,1024,301520.15534116497,16,14.35479187965393
459,0x9747b457,1024,284898.74368561443,16,18.128151178359985
457,0x9747b455,1024,287034.06438733055,16,18.228577613830566
466,0x9747b45e,1024,286506.01985375886,16,14.213520288467407
465,0x9747b45d,1024,290641.5738638556,16,14.368837594985962
460,0x9747b458,1024,307182.4972135754,16,17.973239183425903
439,0x9747b443,1024,288605.3113183416,16,18.1070294380188
464,0x9747b45c,1024,279896.45824052964,16,18.160078525543213
415,0x9747b42b,1024,289622.5170373275,16,18.02164053916931
468,0x9747b460,1024,288213.81831395056,16,13.95944356918335
471,0x9747b463,1024,272766.6181151508,16,13.988172769546509
467,0x9747b45f,1024,268330.64311343327,16,17.713825702667236
470,0x9747b462,1024,278849.79340617824,16,17.934494256973267
474,0x9747b466,1024,280133.73929190816,16,14.00162935256958
472,0x9747b464,1024,288106.805525395,16,18.061156749725342
477,0x9747b469,1024,280185.5046232218,16,14.179511308670044
478,0x9747b46a,1024,275678.99521256523,16,14.40165901184082
449,0x9747b44d,1024,287213.1498167195,16,18.303261041641235
475,0x9747b467,1024,283650.22025112656,16,17.93453073501587
481,0x9747b46d,1024,291595.8944719928,16,14.032737255096436
451,0x9747b44f,1024,290905.60256436886,16,18.124302864074707
480,0x9747b46c,1024,290387.7095640065,16,18.18582844734192
485,0x9747b471,1024,285532.796034082,16,14.36868143081665
458,0x9747b456,1024,304039.49615696195,16,17.814279556274414
483,0x9747b46f,1024,280409.43027017504,16,18.309027194976807
484,0x9747b470,1024,277286.8821568869,16,18.2178897857666
487,0x9747b473,1024,279120.9581022793,16,14.165633201599121
486,0x9747b472,1024,286579.603109501,16,18.060930490493774
462,0x9747b45a,1024,289054.0174087639,16,17.999229431152344
333,0x9747b3d9,1024,279876.8801090795,16,17.838303089141846
491,0x9747b477,1024,290379.72690809314,16,14.144771814346313
490,0x9747b476,1024,276680.1876224505,16,14.378519296646118
469,0x9747b461,1024,286467.0671222638,16,14.246578454971313
488,0x9747b474,1024,288113.8254760354,16,18.43681263923645
489,0x9747b475,1024,283135.0473171369,16,18.307047843933105
492,0x9747b478,1024,264671.040966995,16,18.095234870910645
496,0x9747b47c,1024,295941.4702021373,16,14.365665912628174
493,0x9747b479,1024,290159.73809866054,16,17.97003936767578
473,0x9747b465,1024,293302.7025734788,16,17.87848997116089
495,0x9747b47b,1024,281046.864651188,16,18.183900833129883
500,0x9747b480,1024,297355.4779712287,16,14.399317026138306
497,0x9747b47d,1024,287686.9648786634,16,17.99043083190918
498,0x9747b47e,1024,272867.0476934237,16,18.163175106048584
476,0x9747b468,1024,285272.15969098033,16,18.245807886123657
499,0x9747b47f,1024,278903.36806983454,16,17.835004568099976
505,0x9747b485,1024,293821.1925924338,16,14.174818754196167
504,0x9747b484,1024,284230.6841619357,16,14.429271459579468
479,0x9747b46b,1024,275042.4519931388,16,17.882484674453735
502,0x9747b482,1024,279432.6591181919,16,17.678693294525146
503,0x9747b483,1024,282477.8174857876,16,18.099392414093018
501,0x9747b481,1024,276177.38732648577,16,18.20511031150818
506,0x9747b486,1024,293207.0152603609,16,14.183206558227539
482,0x9747b46e,1024,301791.68573767564,16,17.901800870895386
508,0x9747b488,1024,281270.771729446,16,14.137979745864868
463,0x9747b45b,1024,283709.846467963,16,18.32405114173889
510,0x9747b48a,1024,294930.76091746025,16,18.140721321105957
514,0x9747b48e,1024,279792.22139849624,16,14.28333568572998
511,0x9747b48b,1024,278953.79564723046,16,17.908771514892578
513,0x9747b48d,1024,273596.69472331577,16,17.94513964653015
494,0x9747b47a,1024,281625.6213855165,16,14.147568464279175
522,0x9747b496,1024,283805.0514891287,16,14.35937237739563
515,0x9747b48f,1024,288603.85913860705,16,17.986993312835693
516,0x9747b490,1024,282755.74708032474,16,18.10949969291687
524,0x9747b498,1024,280700.2835672168,16,14.245614290237427
518,0x9747b492,1024,285178.50864309946,16,17.788054704666138
519,0x9747b493,1024,303495.10379554506,16,17.992158889770508
527,0x9747b49b,1024,294284.3366459673,16,14.348796367645264
523,0x9747b497,1024,282452.06101449905,16,18.140403985977173
525,0x9747b499,1024,291713.83963140566,16,18.20038151741028
528,0x9747b49c,1024,272293.27602061874,16,14.272273778915405
530,0x9747b49e,1024,278746.40810049715,16,18.033969163894653
531,0x9747b49f,1024,281262.7831701565,16,17.73188066482544
534,0x9747b4a2,1024,283017.9201208738,16,14.055797576904297
533,0x9747b4a1,1024,278077.37800052506,16,14.114343643188477
532,0x9747b4a0,1024,285010.2556685479,16,18.157344579696655
537,0x9747b4a5,1024,300508.4360323473,16,14.244274854660034
507,0x9747b487,1024,270987.75676562736,16,17.761748790740967
536,0x9747b4a4,1024,275479.2304656586,16,18.136523962020874
509,0x9747b489,1024,289015.95032195235,16,17.966484785079956
540,0x9747b4a8,1024,291749.34385394206,16,14.298190832138062
512,0x9747b48c,1024,278421.3733060862,16,17.865089654922485
538,0x9747b4a6,1024,290849.64052631723,16,17.929603099822998
543,0x9747b4ab,1024,283903.88122175116,16,14.16950798034668
539,0x9747b4a7,1024,291952.00678898126,16,18.037700414657593
542,0x9747b4aa,1024,272199.8147132422,16,17.929900646209717
521,0x9747b495,1024,286882.98859001114,16,14.294276475906372
541,0x9747b4a9,1024,283155.8429719108,16,18.16261053085327
517,0x9747b491,1024,281186.11607911036,16,18.46366047859192
520,0x9747b494,1024,291411.94671213505,16,17.959674835205078
545,0x9747b4ad,1024,285395.47850697255,16,14.352122068405151
544,0x9747b4ac,1024,289856.8095832612,16,18.0393283367157
526,0x9747b49a,1024,282852.96360301814,16,18.257269382476807
548,0x9747b4b0,1024,277190.8348910949,16,14.368869543075562
547,0x9747b4af,1024,301578.46610425046,16,18.059624195098877
551,0x9747b4b3,1024,282854.2259394335,16,14.462461233139038
549,0x9747b4b1,1024,285114.0565998226,16,18.321411848068237
529,0x9747b49d,1024,285401.8528757687,16,18.151177406311035
552,0x9747b4b4,1024,271206.87164700066,16,17.984957218170166
550,0x9747b4b2,1024,276126.17801317497,16,18.330464363098145
556,0x9747b4b8,1024,291293.8706355377,16,14.155835390090942
557,0x9747b4b9,1024,284668.20728479786,16,14.367393493652344
554,0x9747b4b6,1024,290365.8913441523,16,18.10628390312195
555,0x9747b4b7,1024,289306.557803945,16,18.1206111907959
559,0x9747b4bb,1024,280798.0322904384,16,18.0103702545166
558,0x9747b4ba,1024,284302.4910169507,16,18.2041072845459
563,0x9747b4bf,1024,273589.797484882,16,14.177754640579224
535,0x9747b4a3,1024,295266.8960695436,16,18.23688530921936
565,0x9747b4c1,1024,289595.68603410845,16,14.313839673995972
560,0x9747b4bc,1024,283522.72257856186,16,18.284953594207764
562,0x9747b4be,1024,280274.1197373842,16,18.22152805328369
568,0x9747b4c4,1024,291498.09974739276,16,14.265987873077393
566,0x9747b4c2,1024,296720.2286106101,16,18.14172863960266
564,0x9747b4c0,1024,296859.6517254231,16,18.55063509941101
567,0x9747b4c3,1024,277451.18984948425,16,17.847968339920044
573,0x9747b4c9,1024,295352.31585628755,16,14.153884649276733
571,0x9747b4c7,1024,283644.5331990536,16,14.284670114517212
546,0x9747b4ae,1024,272418.0846526568,16,14.343963384628296
570,0x9747b4c6,1024,291186.59229127376,16,18.127259016036987
569,0x9747b4c5,1024,300431.97028203396,16,18.315237045288086
572,0x9747b4c8,1024,282321.61359292595,16,17.87940502166748
575,0x9747b4cb,1024,280021.1105538787,16,17.941162109375
576,0x9747b4cc,1024,315859.7960137988,16,18.077394008636475
580,0x9747b4d0,1024,273741.9954423715,16,14.297648191452026
577,0x9747b4cd,1024,275644.08754853636,16,17.779510259628296
578,0x9747b4ce,1024,281791.4042058242,16,17.919057846069336
581,0x9747b4d1,1024,292045.4232083093,16,14.537078857421875
579,0x9747b4cf,1024,277158.9793621841,16,18.233333826065063
553,0x9747b4b5,1024,273098.3448584164,16,18.19334363937378
584,0x9747b4d4,1024,283705.78255654796,16,14.26256251335144
582,0x9747b4d2,1024,304513.727816526,16,18.276287078857422
583,0x9747b4d3,1024,277695.0966762385,16,18.170116424560547
587,0x9747b4d7,1024,294706.40136010165,16,14.357538938522339
590,0x9747b4da,1024,285006.359477336,16,14.541625261306763
589,0x9747b4d9,1024,283392.50102572044,16,14.651787996292114
585,0x9747b4d5,1024,284184.1412872715,16,18.086098432540894
561,0x9747b4bd,1024,304825.62253289024,16,17.966375827789307
588,0x9747b4d8,1024,277787.9872550045,16,18.02492594718933
594,0x9747b4de,1024,278368.73860594496,16,14.317120552062988
591,0x9747b4db,1024,289115.7263670167,16,18.30662250518799
597,0x9747b4e1,1024,280047.6382238601,16,14.643545150756836
596,0x9747b4e0,1024,285472.1954611272,16,18.077972412109375
593,0x9747b4dd,1024,278285.3104282651,16,18.190965175628662
600,0x9747b4e4,1024,265414.3542948837,16,14.440147876739502
599,0x9747b4e3,1024,284234.71213749785,16,17.75691056251526
602,0x9747b4e6,1024,299299.3597966431,16,18.16140627861023
604,0x9747b4e8,1024,293819.8781447574,16,14.116304397583008
574,0x9747b4ca,1024,288035.1587346639,16,18.025558710098267
603,0x9747b4e7,1024,280194.7203628433,16,17.937344789505005
605,0x9747b4e9,1024,277183.07640146685,16,18.309860944747925
611,0x9747b4ef,1024,287510.62710337294,16,14.486137390136719
610,0x9747b4ee,1024,271419.7388865546,16,18.441734790802002
612,0x9747b4f0,1024,270366.0661895251,16,14.51281189918518
586,0x9747b4d6,1024,283926.3162794287,16,17.793254137039185
613,0x9747b4f1,1024,268589.7275211341,16,18.219844102859497
617,0x9747b4f5,1024,302262.1259247924,16,17.985400438308716
616,0x9747b4f4,1024,289795.89694704366,16,17.9956476688385
620,0x9747b4f8,1024,281143.98195754737,16,14.211194038391113
592,0x9747b4dc,1024,279289.4286680547,16,18.167288064956665
618,0x9747b4f6,1024,264177.82212675526,16,18.518914222717285
619,0x9747b4f7,1024,288249.99633655464,16,17.97144913673401
595,0x9747b4df,1024,295169.86809061613,16,18.00166344642639
621,0x9747b4f9,1024,267436.07592378475,16,17.989612102508545
598,0x9747b4e2,1024,297022.14552905376,16,17.992767333984375
623,0x9747b4fb,1024,285543.39606108883,16,16.66449522972107
624,0x9747b4fc,1024,286077.29514863837,16,14.527469635009766
622,0x9747b4fa,1024,271288.59694673115,16,18.101000547409058
601,0x9747b4e5,1024,289621.35899977916,16,18.100261926651
606,0x9747b4ea,1024,299753.9181530784,16,14.6788911819458
625,0x9747b4fd,1024,287797.01143509574,16,17.887144088745117
626,0x9747b4fe,1024,284344.73528802564,16,18.066105127334595
627,0x9747b4ff,1024,268644.3737276126,16,18.216275215148926
630,0x9747b502,1024,293329.68867169134,16,14.156211376190186
629,0x9747b501,1024,297801.6838077026,16,18.134075164794922
608,0x9747b4ec,1024,274574.50722346467,16,18.212284803390503
615,0x9747b4f3,1024,274241.46518821776,16,14.241455793380737
632,0x9747b504,1024,293379.5472815973,16,18.193849802017212
636,0x9747b508,1024,289373.6065168082,16,14.203075647354126
637,0x9747b509,1024,288742.4997522826,16,14.18253469467163
633,0x9747b505,1024,286411.3499813504,16,18.080364227294922
634,0x9747b506,1024,296198.386912984,16,18.188570976257324
614,0x9747b4f2,1024,270513.3351549354,16,18.35072112083435
639,0x9747b50b,1024,294395.4963322449,16,14.469114065170288
638,0x9747b50a,1024,273300.332887403,16,17.989717483520508
641,0x9747b50d,1024,286546.1232241809,16,17.716115951538086
640,0x9747b50c,1024,286187.2506395625,16,18.12791681289673
643,0x9747b50f,1024,270213.40456545027,16,14.209020614624023
642,0x9747b50e,1024,282798.3909601431,16,17.852379083633423
644,0x9747b510,1024,295704.4229170249,16,17.966174602508545
645,0x9747b511,1024,272960.1214217369,16,18.281506061553955
648,0x9747b514,1024,272313.5859110467,16,14.323087453842163
607,0x9747b4eb,1024,268890.89931783004,16,14.510033130645752
646,0x9747b512,1024,295637.5252840834,16,17.832905530929565
647,0x9747b513,1024,279714.13173710677,16,18.33795666694641
651,0x9747b517,1024,280860.34841570444,16,14.071372509002686
649,0x9747b515,1024,299620.82779688964,16,14.512306690216064
654,0x9747b51a,1024,276773.3672594407,16,14.313349485397339
650,0x9747b516,1024,276343.3705004326,16,18.34097671508789
628,0x9747b500,1024,288980.10683145287,16,18.040801286697388
609,0x9747b4ed,1024,286284.41038952,16,18.076070308685303
659,0x9747b51f,1024,284063.85297706013,16,13.999798059463501
652,0x9747b518,1024,281697.920773935,16,18.20456290245056
656,0x9747b51c,1024,308692.40801316296,16,18.319191694259644
657,0x9747b51d,1024,270536.7292360896,16,18.34672260284424
631,0x9747b503,1024,281011.74939468544,16,18.430646896362305
658,0x9747b51e,1024,267737.5826414316,16,18.001508712768555
662,0x9747b522,1024,295936.9101426314,16,14.221165418624878
661,0x9747b521,1024,294080.5525309788,16,14.297115802764893
635,0x9747b507,1024,299412.24772714794,16,17.907095193862915
660,0x9747b520,1024,284177.6682947731,16,18.070667028427124
666,0x9747b526,1024,291776.42095962487,16,14.401842594146729
667,0x9747b527,1024,290340.9906511386,16,14.459592342376709
663,0x9747b523,1024,272001.64410069364,16,17.91723346710205
664,0x9747b524,1024,302663.3701371445,16,18.31326127052307
669,0x9747b529,1024,272464.3668766605,16,14.38225793838501
668,0x9747b528,1024,289098.0548708537,16,17.582948207855225
665,0x9747b525,1024,297255.0651111743,16,17.76155138015747
675,0x9747b52f,1024,283837.0040772037,16,14.357932806015015
672,0x9747b52c,1024,284088.70726869133,16,18.0185444355011
670,0x9747b52a,1024,293207.2322909198,16,18.031139612197876
673,0x9747b52d,1024,289542.60771906364,16,18.00840139389038
674,0x9747b52e,1024,282235.72102276294,16,18.33963704109192
679,0x9747b533,1024,293608.3101501607,16,14.343753099441528
680,0x9747b534,1024,276550.0804111026,16,14.36669373512268
677,0x9747b531,1024,308907.37774031085,16,17.73165798187256
684,0x9747b538,1024,289374.18784717284,16,14.201609373092651
683,0x9747b537,1024,288683.7770287734,16,14.373162746429443
678,0x9747b532,1024,291678.9883699364,16,18.00593137741089
682,0x9747b536,1024,285379.6337795137,16,18.148221492767334
685,0x9747b539,1024,280989.050020288,16,14.10704493522644
653,0x9747b519,1024,289599.1132442526,16,18.34447956085205
655,0x9747b51b,1024,295075.1018888322,16,18.35968017578125
686,0x9747b53a,1024,288421.0472843421,16,17.913508892059326
687,0x9747b53b,1024,295427.42921644356,16,17.99953007698059
688,0x9747b53c,1024,272644.023329545,16,18.28169322013855
690,0x9747b53e,1024,288347.3550620116,16,14.22128176689148
694,0x9747b542,1024,285677.86857223086,16,14.363962411880493
695,0x9747b543,1024,297288.7516434373,16,14.338763952255249
692,0x9747b540,1024,281530.23449594463,16,17.88286066055298
691,0x9747b53f,1024,284522.2166562924,16,18.31727957725525
699,0x9747b547,1024,303497.1965604562,16,14.416674852371216
698,0x9747b546,1024,297925.76804019645,16,14.509819507598877
693,0x9747b541,1024,288059.3512531447,16,17.500232934951782
696,0x9747b544,1024,296836.62860169145,16,18.018183708190918
702,0x9747b54a,1024,291012.4334096897,16,14.108788013458252
671,0x9747b52b,1024,281536.6499731684,16,18.24543285369873
704,0x9747b54c,1024,298179.18486851506,16,18.0823392868042
708,0x9747b550,1024,285914.9966549331,16,14.248183727264404
676,0x9747b530,1024,286421.49758586986,16,18.014265298843384
707,0x9747b54f,1024,278580.5632193711,16,18.32344365119934
706,0x9747b54e,1024,290719.5372967765,16,18.346269607543945
681,0x9747b535,1024,274842.07683943823,16,18.045048713684082
710,0x9747b552,1024,282310.8993128394,16,14.54699158668518
709,0x9747b551,1024,288112.2538154719,16,14.48958706855774
713,0x9747b555,1024,296451.9784074944,16,14.292392253875732
714,0x9747b556,1024,294281.3305405726,16,14.487984657287598
689,0x9747b53d,1024,274387.7130802197,16,18.191478729248047
716,0x9747b558,1024,284263.0131566249,16,14.294561624526978
711,0x9747b553,1024,294392.3238645281,16,18.197517156600952
712,0x9747b554,1024,280252.6051008081,16,18.301422119140625
717,0x9747b559,1024,288656.0219242274,16,18.10847568511963
720,0x9747b55c,1024,300092.50437151385,16,14.435276746749878
718,0x9747b55a,1024,291367.2551258758,16,17.722556352615356
719,0x9747b55b,1024,278944.75956986204,16,18.358308792114258
727,0x9747b563,1024,278962.1938305186,16,14.167327642440796
726,0x9747b562,1024,290799.2504013462,16,14.18670129776001
697,0x9747b545,1024,283781.4920167822,16,18.02151107788086
730,0x9747b566,1024,286190.97241655656,16,14.339695692062378
725,0x9747b561,1024,285389.82406326453,16,14.477012872695923
723,0x9747b55f,1024,286062.3171541514,16,17.85948634147644
721,0x9747b55d,1024,295751.945518609,16,18.317856311798096
732,0x9747b568,1024,294654.77570397075,16,14.470040321350098
731,0x9747b567,1024,284488.29630907363,16,14.318515539169312
724,0x9747b560,1024,272216.8369183191,16,18.420108556747437
701,0x9747b549,1024,277395.41557228693,16,18.200071811676025
703,0x9747b54b,1024,279610.94345780666,16,18.277575254440308
733,0x9747b569,1024,278128.5325320873,16,14.420459270477295
705,0x9747b54d,1024,285303.5958653427,16,17.996851682662964
734,0x9747b56a,1024,288588.7271127571,16,17.588149070739746
739,0x9747b56f,1024,277584.7603532579,16,14.328269720077515
735,0x9747b56b,1024,275027.4137224313,16,18.19735550880432
738,0x9747b56e,1024,281345.4867254634,16,18.085882425308228
737,0x9747b56d,1024,277486.56282162754,16,18.190900325775146
744,0x9747b574,1024,283297.64852308406,16,14.280437231063843
741,0x9747b571,1024,283476.6648347971,16,14.243213891983032
745,0x9747b575,1024,300914.7781171686,16,14.357258558273315
740,0x9747b570,1024,289938.49071162153,16,17.703030347824097
747,0x9747b577,1024,289410.18203117995,16,14.127835988998413
748,0x9747b578,1024,276463.4303282681,16,14.146605491638184
742,0x9747b572,1024,294835.4898177859,16,18.01215624809265
715,0x9747b557,1024,267089.8574537216,16,18.33775568008423
751,0x9747b57b,1024,289065.0914358071,16,14.273407936096191
746,0x9747b576,1024,293529.44236573146,16,18.263501167297363
749,0x9747b579,1024,297995.69493877905,16,18.57952070236206
750,0x9747b57a,1024,283673.884897565,16,18.237452030181885
753,0x9747b57d,1024,308229.28903539665,16,18.36081051826477
752,0x9747b57c,1024,293455.7257191817,16,18.441672325134277
756,0x9747b580,1024,279771.6945601331,16,14.444808959960938
729,0x9747b565,1024,287233.5595434739,16,14.034240007400513
755,0x9747b57f,1024,270130.8519746061,16,17.949054718017578
754,0x9747b57e,1024,287073.2755011462,16,18.322563648223877
722,0x9747b55e,1024,284236.57320254366,16,18.112000942230225
700,0x9747b548,1024,277028.3852436994,16,18.05944848060608
757,0x9747b581,1024,283403.24687291624,16,17.932766437530518
763,0x9747b587,1024,291480.9937547922,16,14.039579391479492
761,0x9747b585,1024,298196.80550472485,16,14.262140035629272
765,0x9747b589,1024,275935.56149725174,16,14.476740837097168
758,0x9747b582,1024,296083.2614191839,16,18.099324941635132
759,0x9747b583,1024,300493.0913289436,16,18.47044563293457
767,0x9747b58b,1024,291726.56859338406,16,14.346828699111938
760,0x9747b584,1024,285577.5684952447,16,18.111999034881592
736,0x9747b56c,1024,276642.41168921784,16,18.193862199783325
768,0x9747b58c,1024,290385.900123607,16,17.96004366874695
766,0x9747b58a,1024,292699.5829147438,16,18.143482446670532
774,0x9747b592,1024,294383.6819705791,16,14.364452362060547
775,0x9747b593,1024,281386.05720896623,16,14.768328189849854
743,0x9747b573,1024,282875.8893844326,16,14.395334959030151
769,0x9747b58d,1024,277534.0729995105,16,17.92998433113098
770,0x9747b58e,1024,274827.6563281337,16,17.928532123565674
778,0x9747b596,1024,288667.90692403354,16,17.696142435073853
776,0x9747b594,1024,294951.9528357548,16,17.93130111694336
781,0x9747b599,1024,292952.0096253878,16,14.088444709777832
785,0x9747b59d,1024,297177.6261988082,16,14.318844318389893
782,0x9747b59a,1024,282983.54884430324,16,14.421854257583618
786,0x9747b59e,1024,290748.8777337259,16,14.390233039855957
779,0x9747b597,1024,283470.5790277892,16,17.99485754966736
790,0x9747b5a2,1024,276132.9149956687,16,14.090081214904785
728,0x9747b564,1024,290569.3004148867,16,14.26961898803711
784,0x9747b59c,1024,303343.68747515365,16,18.218950986862183
791,0x9747b5a3,1024,295270.8577500287,16,18.081506729125977
792,0x9747b5a4,1024,279156.7704449239,16,18.184226274490356
762,0x9747b586,1024,276825.6874804666,16,14.306244850158691
764,0x9747b588,1024,285355.1826367743,16,14.27015733718872
799,0x9747b5ab,1024,290973.1007035006,16,14.21883749961853
795,0x9747b5a7,1024,287772.5493697366,16,14.315945148468018
798,0x9747b5aa,1024,273256.94716902456,16,14.34789490699768
794,0x9747b5a6,1024,271697.8585463056,16,17.809447050094604
793,0x9747b5a5,1024,276478.67429666093,16,18.50433373451233
796,0x9747b5a8,1024,285227.79100212804,16,18.08879780769348
805,0x9747b5b1,1024,294552.8927926195,16,14.218497276306152
806,0x9747b5b2,1024,286008.7191147328,16,14.248681783676147
803,0x9747b5af,1024,295435.5609870531,16,14.353635311126709
802,0x9747b5ae,1024,289844.40232240304,16,14.362906694412231
800,0x9747b5ac,1024,294572.38751060737,16,17.780304431915283
801,0x9747b5ad,1024,291366.5050244466,16,18.178698301315308
807,0x9747b5b3,1024,288687.36678049073,16,14.436015129089355
804,0x9747b5b0,1024,274314.81896828813,16,18.415977954864502
773,0x9747b591,1024,271534.23150336643,16,18.254900455474854
777,0x9747b595,1024,290862.7747193801,16,17.816574335098267
811,0x9747b5b7,1024,282305.5173286725,16,14.33316159248352
817,0x9747b5bd,1024,278532.32688714605,16,14.370839834213257
809,0x9747b5b5,1024,289625.59415340924,16,18.201672554016113
816,0x9747b5bc,1024,289961.8366327275,16,14.471998453140259
810,0x9747b5b6,1024,279176.9120090291,16,18.27168917655945
788,0x9747b5a0,1024,289577.744127706,16,14.309683084487915
814,0x9747b5ba,1024,271254.2291726739,16,18.095436334609985
813,0x9747b5b9,1024,271034.85234522726,16,18.191258192062378
783,0x9747b59b,1024,280127.44949779415,16,17.67845392227173
780,0x9747b598,1024,286416.9414291528,16,18.058997869491577
819,0x9747b5bf,1024,272625.3527875964,16,14.285462141036987
818,0x9747b5be,1024,276180.3719134244,16,18.49866557121277
821,0x9747b5c1,1024,288162.2934210596,16,15.287653684616089
822,0x9747b5c2,1024,296377.39652494993,16,14.366461753845215
820,0x9747b5c0,1024,288316.0577616232,16,17.928059101104736
823,0x9747b5c3,1024,296103.6232593127,16,18.14793300628662
826,0x9747b5c6,1024,287628.5270793171,16,18.115800380706787
825,0x9747b5c5,1024,297691.7966033874,16,18.489240407943726
828,0x9747b5c8,1024,278829.69901349366,16,14.540205478668213
797,0x9747b5a9,1024,286883.24830193433,16,17.926053762435913
830,0x9747b5ca,1024,290767.1251375988,16,14.362614631652832
829,0x9747b5c9,1024,288342.78990234586,16,18.230234384536743
808,0x9747b5b4,1024,292670.631329257,16,14.203538656234741
833,0x9747b5cd,1024,291095.3287612757,16,14.356722831726074
832,0x9747b5cc,1024,282999.21706718556,16,18.44629716873169
831,0x9747b5cb,1024,278353.8753603976,16,18.47025156021118
839,0x9747b5d3,1024,284589.26378088596,16,14.288066387176514
835,0x9747b5cf,1024,301971.0187613656,16,18.238579750061035
837,0x9747b5d1,1024,264061.460398044,16,18.319247722625732
834,0x9747b5ce,1024,295545.1322077631,16,18.538208723068237
815,0x9747b5bb,1024,268323.7361911354,16,14.245399951934814
840,0x9747b5d4,1024,274093.35799303267,16,18.285242080688477
838,0x9747b5d2,1024,285945.33618859254,16,18.348063468933105
789,0x9747b5a1,1024,277817.1622625094,16,14.54140329360962
841,0x9747b5d5,1024,279697.6401936891,16,18.05715274810791
844,0x9747b5d8,1024,280977.09134220355,16,16.578431129455566
845,0x9747b5d9,1024,276743.6860208492,16,16.67847228050232
812,0x9747b5b8,1024,292279.98081704736,16,18.30192756652832
842,0x9747b5d6,1024,290151.2897773674,16,18.062190771102905
851,0x9747b5df,1024,275944.7400621087,16,16.25636339187622
847,0x9747b5db,1024,288555.72206810606,16,19.442033767700195
850,0x9747b5de,1024,276282.7293221334,16,16.199711799621582
854,0x9747b5e2,1024,271299.3502752569,16,16.73878240585327
852,0x9747b5e0,1024,296437.3363265464,16,16.851757764816284
824,0x9747b5c4,1024,281244.0118408506,16,14.391326189041138
849,0x9747b5dd,1024,263330.1588300929,16,18.43025851249695
855,0x9747b5e3,1024,288910.1322320256,16,14.544203758239746
853,0x9747b5e1,1024,292830.4094968129,16,18.080844163894653
827,0x9747b5c7,1024,269352.5878288432,16,20.108946323394775
859,0x9747b5e7,1024,277628.9111141239,16,16.10992407798767
856,0x9747b5e4,1024,273086.48358197947,16,20.387763023376465
857,0x9747b5e5,1024,297131.0930641155,16,20.384262084960938
863,0x9747b5eb,1024,267606.8101450446,16,16.126880884170532
860,0x9747b5e8,1024,280325.09385482874,16,17.86678647994995
861,0x9747b5e9,1024,267569.74275364284,16,18.06010389328003
858,0x9747b5e6,1024,282327.44894219894,16,18.609793186187744
864,0x9747b5ec,1024,268711.77856216684,16,18.512566328048706
865,0x9747b5ed,1024,288374.0142815254,16,17.977156400680542
862,0x9747b5ea,1024,282754.0819593008,16,18.830451726913452
772,0x9747b590,1024,295634.90516822616,16,17.92721152305603
771,0x9747b58f,1024,289821.8174720432,16,18.977635383605957
868,0x9747b5f0,1024,286161.5626806776,16,17.15756630897522
836,0x9747b5d0,1024,281070.59547070385,16,18.315027475357056
867,0x9747b5ef,1024,294586.8459340288,16,18.241477489471436
866,0x9747b5ee,1024,292222.8420686531,16,18.29563331604004
875,0x9747b5f7,1024,284898.3210692335,16,14.295961380004883
787,0x9747b59f,1024,279060.21001479763,16,14.944964408874512
876,0x9747b5f8,1024,282254.4238518594,16,17.28195810317993
846,0x9747b5da,1024,284406.08325383876,16,17.993367195129395
870,0x9747b5f2,1024,278233.5363540651,16,20.836925983428955
880,0x9747b5fc,1024,271248.7961460905,16,15.777162551879883
881,0x9747b5fd,1024,290400.5891741587,16,14.295895338058472
878,0x9747b5fa,1024,283104.99767934665,16,19.78588557243347
848,0x9747b5dc,1024,275057.8261475687,16,18.458381414413452
879,0x9747b5fb,1024,289229.29748223367,16,23.23826551437378
889,0x9747b605,1024,289751.01081062265,16,15.472180604934692
884,0x9747b600,1024,278655.8128006722,16,18.96761679649353
886,0x9747b602,1024,298592.75200866425,16,19.133180618286133
883,0x9747b5ff,1024,292409.4341739699,16,22.74307155609131
887,0x9747b603,1024,283056.3449590371,16,19.174081325531006
896,0x9747b60c,1024,287205.65309435636,16,16.758976459503174
897,0x9747b60d,1024,295515.5323222167,16,16.67862629890442
894,0x9747b60a,1024,287320.48955543176,16,17.704747915267944
893,0x9747b609,1024,296013.9525624128,16,18.704153776168823
892,0x9747b608,1024,277028.9664660515,16,18.78143072128296
869,0x9747b5f1,1024,272028.0225432038,16,16.65136218070984
871,0x9747b5f3,1024,272448.06324683834,16,14.881781339645386
900,0x9747b610,1024,270014.5716160168,16,14.951848030090332
873,0x9747b5f5,1024,268610.6726056644,16,15.045634746551514
874,0x9747b5f6,1024,293962.0496197456,16,14.567671060562134
843,0x9747b5d7,1024,287720.920885188,16,16.458755016326904
904,0x9747b614,1024,289169.33432737016,16,18.076931715011597
901,0x9747b611,1024,281620.71598498954,16,18.410563468933105
906,0x9747b616,1024,270375.2470591006,16,14.262519359588623
877,0x9747b5f9,1024,287765.4415150332,16,18.369596242904663
905,0x9747b615,1024,278117.0113583482,16,19.20167374610901
909,0x9747b619,1024,282672.66631678096,16,18.13043236732483
908,0x9747b618,1024,299383.96119423205,16,18.114980936050415
912,0x9747b61c,1024,291097.0400946627,16,14.985974073410034
911,0x9747b61b,1024,287521.0092747604,16,15.178399085998535
915,0x9747b61f,1024,280296.10872925055,16,16.60901927947998
917,0x9747b621,1024,285331.8532403703,16,14.476111888885498
882,0x9747b5fe,1024,295594.97483343154,16,23.118507862091064
918,0x9747b622,1024,278504.3721539704,16,15.073719263076782
913,0x9747b61d,1024,298652.18402960786,16,18.651453256607056
885,0x9747b601,1024,290822.36150040163,16,19.641456604003906
888,0x9747b604,1024,293950.706285504,16,18.379529237747192
914,0x9747b61e,1024,286222.1978020225,16,19.51590394973755
916,0x9747b620,1024,262435.1823141906,16,17.4708194732666
922,0x9747b626,1024,289175.2450827924,16,14.340465068817139
890,0x9747b606,1024,284472.8713567785,16,21.962758779525757
895,0x9747b60b,1024,279919.1545023561,16,16.935561895370483
898,0x9747b60e,1024,281486.2094494661,16,14.157116651535034
920,0x9747b624,1024,283463.4665717468,16,16.897850513458252
924,0x9747b628,1024,283199.6199651196,16,14.287179946899414
899,0x9747b60f,1024,300955.70142559,16,16.734365224838257
902,0x9747b612,1024,287800.8797491634,16,14.445963144302368
921,0x9747b625,1024,302623.52723611397,16,18.502092123031616
919,0x9747b623,1024,286135.8793332689,16,19.178945779800415
925,0x9747b629,1024,280666.92032679956,16,19.12041926383972
929,0x9747b62d,1024,286330.50547743554,16,14.406101703643799
903,0x9747b613,1024,293719.44964353554,16,18.296501636505127
872,0x9747b5f4,1024,280170.034939923,16,16.918798446655273
926,0x9747b62a,1024,268558.7712044353,16,18.208632946014404
933,0x9747b631,1024,297600.65849985275,16,14.164588451385498
932,0x9747b630,1024,281109.2912823871,16,14.429607629776001
931,0x9747b62f,1024,280953.67521292117,16,16.68868374824524
910,0x9747b61a,1024,287166.509902174,16,18.074904918670654
937,0x9747b635,1024,295917.3725683412,16,16.676233530044556
907,0x9747b617,1024,290928.24981402775,16,18.18278479576111
936,0x9747b634,1024,276604.11491312477,16,18.06650447845459
935,0x9747b633,1024,295618.7993705651,16,18.69317054748535
942,0x9747b63a,1024,281351.7314196252,16,14.186875104904175
940,0x9747b638,1024,288696.8346867651,16,14.325364112854004
943,0x9747b63b,1024,279746.4291944541,16,14.354121685028076
939,0x9747b637,1024,286213.61531186226,16,18.144110918045044
938,0x9747b636,1024,283236.57524417434,16,18.291651487350464
944,0x9747b63c,1024,292939.1193428709,16,14.240691423416138
946,0x9747b63e,1024,294286.7962323092,16,16.56032657623291
945,0x9747b63d,1024,269484.3420788878,16,16.5859375
949,0x9747b641,1024,284389.8505176786,16,14.387140274047852
950,0x9747b642,1024,278189.2785677804,16,14.359060764312744
953,0x9747b645,1024,281474.43342728843,16,14.31895637512207
947,0x9747b63f,1024,297511.9223900593,16,18.455957889556885
923,0x9747b627,1024,279604.0541996414,16,14.341609477996826
891,0x9747b607,1024,284611.24494272366,16,21.75194263458252
952,0x9747b644,1024,278619.1643159694,16,18.015503644943237
951,0x9747b643,1024,294910.99917788274,16,18.046287775039673
955,0x9747b647,1024,294115.0519878788,16,14.365415334701538
956,0x9747b648,1024,281652.75433924515,16,14.372693538665771
954,0x9747b646,1024,281650.3011454067,16,18.498472452163696
962,0x9747b64e,1024,278141.2264559808,16,14.374407291412354
957,0x9747b649,1024,276937.93802375457,16,14.670471906661987
963,0x9747b64f,1024,282111.4001827046,16,16.466909885406494
967,0x9747b653,1024,292232.70499288855,16,14.340683460235596
930,0x9747b62e,1024,264910.7013279571,16,14.238421440124512
961,0x9747b64d,1024,283982.08860806806,16,17.590753078460693
958,0x9747b64a,1024,278737.7532133306,16,18.102601051330566
960,0x9747b64c,1024,268934.4615492566,16,18.200016260147095
928,0x9747b62c,1024,276117.80536455073,16,17.942363500595093
969,0x9747b655,1024,293502.8000712287,16,14.391966104507446
965,0x9747b651,1024,280954.1733877505,16,18.074641466140747
970,0x9747b656,1024,293345.54599924193,16,16.474533796310425
972,0x9747b658,1024,271717.53220611543,16,14.391550064086914
973,0x9747b659,1024,302468.66304224165,16,14.535508871078491
934,0x9747b632,1024,283081.8324481159,16,18.27538824081421
976,0x9747b65c,1024,282494.76443167526,16,14.378232955932617
980,0x9747b660,1024,274628.56969371706,16,14.39745545387268
981,0x9747b661,1024,273558.0439689081,16,14.339670181274414
941,0x9747b639,1024,287945.23171929637,16,18.11191725730896
982,0x9747b662,1024,282956.36101414624,16,14.168251752853394
983,0x9747b663,1024,262441.52859248174,16,14.268658638000488
979,0x9747b65f,1024,289278.2999263747,16,18.00953197479248
986,0x9747b666,1024,285580.75971217983,16,14.275302410125732
984,0x9747b664,1024,287049.950358142,16,14.455256938934326
985,0x9747b665,1024,282237.7319609878,16,16.47743511199951
948,0x9747b640,1024,278881.5234173423,16,18.097787857055664
990,0x9747b66a,1024,275522.5342691615,16,14.36443543434143
987,0x9747b667,1024,288064.06455429207,16,18.05218243598938
995,0x9747b66f,1024,304714.00756019744,16,14.53996992111206
994,0x9747b66e,1024,278249.26933451404,16,14.494155168533325
991,0x9747b66b,1024,298042.7796061716,16,17.976083993911743
989,0x9747b669,1024,277931.8150829511,16,18.30854821205139
993,0x9747b66d,1024,290464.47189180535,16,16.709832906723022
996,0x9747b670,1024,275980.5471079265,16,14.345338821411133
964,0x9747b650,1024,296830.92876872944,16,16.698740243911743
968,0x9747b654,1024,284916.16168060165,16,14.063960552215576
999,0x9747b673,1024,289022.38200674474,16,14.312751293182373
998,0x9747b672,1024,280768.5263947467,16,14.609993934631348
959,0x9747b64b,1024,295713.85998814064,16,18.117217779159546
997,0x9747b671,1024,270592.540339941,16,17.909775972366333
927,0x9747b62b,1024,272163.43922486925,16,18.379795789718628
966,0x9747b652,1024,261834.28802736572,16,18.31178331375122
971,0x9747b657,1024,275779.66726084374,16,16.76303267478943
974,0x9747b65a,1024,292609.55713881453,16,18.44096326828003
977,0x9747b65d,1024,295592.9344846731,16,18.36001491546631
992,0x9747b66c,1024,287509.8967278298,16,18.039918184280396
988,0x9747b668,1024,285266.2019817484,16,18.21819233894348
978,0x9747b65e,1024,277728.77936985216,16,16.897851943969727
975,0x9747b65b,1024,260657.35323488232,16,18.201043128967285
